employee_id,browser,device,operating_system,location,login_hour,failed_attempts,new_device,new_location,label
EMP087,Chrome,Mobile,macOS,Bengaluru,11,0,Yes,No,Normal
EMP065,Chrome,Mobile,Android,Chennai,8,0,No,No,Normal
EMP001,Edge,Mobile,iOS,Hyderabad,11,1,Yes,No,Normal
EMP014,Edge,Mobile,Android,Mumbai,12,0,No,No,Normal
EMP094,Firefox,Laptop,Windows,Unknown,23,3,Yes,Yes,Suspicious
EMP091,Chrome,Laptop,Windows,Delhi,12,1,Yes,No,Normal
EMP013,Edge,Unknown,Windows,Russia,23,4,Yes,Yes,Suspicious
EMP035,Safari,Mobile,macOS,Bengaluru,13,1,No,Yes,Normal
EMP049,Chrome,Mobile,Linux,Delhi,19,0,No,No,Normal
EMP035,Edge,Mobile,macOS,Chennai,11,0,No,No,Normal
EMP051,Edge,Desktop,Windows,China,22,6,Yes,Yes,Suspicious
EMP055,Safari,Desktop,macOS,Bengaluru,11,1,Yes,Yes,Normal
EMP015,Safari,Laptop,Linux,Bengaluru,16,1,No,No,Normal
EMP077,Firefox,Desktop,Windows,Russia,3,6,Yes,Yes,Suspicious
EMP015,Firefox,Mobile,Windows,Chennai,18,1,Yes,No,Normal
EMP081,Edge,Laptop,Windows,Mumbai,16,0,Yes,No,Normal
EMP063,Edge,Desktop,macOS,Bengaluru,16,0,Yes,No,Normal
EMP011,Chrome,Laptop,Linux,Russia,1,3,Yes,Yes,Suspicious
EMP034,Chrome,Mobile,Linux,Bengaluru,18,1,Yes,No,Normal
EMP084,Safari,Desktop,iOS,Bengaluru,19,1,No,Yes,Normal
EMP071,Safari,Desktop,Linux,Bengaluru,9,1,No,Yes,Normal
EMP010,Edge,Desktop,Windows,Chennai,11,0,No,No,Normal
EMP074,Firefox,Mobile,Android,Bengaluru,16,0,Yes,Yes,Normal
EMP053,Safari,Laptop,Linux,Chennai,9,1,No,No,Normal
EMP025,Chrome,Mobile,Windows,Chennai,14,1,No,No,Normal
EMP032,Chrome,Unknown,Windows,China,2,6,Yes,Yes,Suspicious
EMP022,Chrome,Laptop,iOS,Chennai,8,0,No,No,Normal
EMP034,Safari,Desktop,Android,Chennai,10,1,No,No,Normal
EMP038,Safari,Laptop,Android,Delhi,18,1,No,No,Normal
EMP075,Chrome,Mobile,iOS,Chennai,19,1,No,No,Normal
EMP087,Edge,Desktop,iOS,Chennai,10,0,Yes,No,Normal
EMP054,Safari,Desktop,iOS,Bengaluru,17,0,Yes,No,Normal
EMP086,Firefox,Laptop,Linux,Mumbai,11,1,No,No,Normal
EMP028,Safari,Laptop,Windows,Chennai,15,0,No,Yes,Normal
EMP070,Edge,Laptop,Windows,Bengaluru,13,1,No,No,Normal
EMP015,Chrome,Mobile,iOS,Mumbai,18,0,No,No,Normal
EMP082,Edge,Laptop,macOS,Delhi,11,1,No,Yes,Normal
EMP001,Safari,Laptop,Windows,Chennai,18,1,No,No,Normal
EMP055,Edge,Mobile,macOS,Bengaluru,19,1,Yes,Yes,Normal
EMP019,Chrome,Desktop,Linux,Delhi,8,1,Yes,Yes,Normal
EMP086,Chrome,Laptop,macOS,Chennai,13,0,Yes,No,Normal
EMP023,Edge,Laptop,Linux,China,23,4,Yes,Yes,Suspicious
EMP090,Chrome,Desktop,macOS,Hyderabad,18,0,No,No,Normal
EMP045,Firefox,Laptop,Linux,China,23,6,Yes,Yes,Suspicious
EMP099,Edge,Desktop,Windows,Bengaluru,14,1,No,No,Normal
EMP075,Safari,Mobile,iOS,Mumbai,8,0,No,No,Normal
EMP056,Firefox,Desktop,Windows,Delhi,14,1,Yes,No,Normal
EMP001,Chrome,Laptop,iOS,Bengaluru,12,0,Yes,No,Normal
EMP085,Edge,Laptop,Android,Chennai,18,1,Yes,No,Normal
EMP071,Firefox,Mobile,macOS,Hyderabad,13,1,Yes,No,Normal
EMP052,Chrome,Desktop,Windows,China,4,5,Yes,Yes,Suspicious
EMP057,Chrome,Laptop,macOS,Bengaluru,14,1,No,No,Normal
EMP087,Safari,Mobile,Linux,Chennai,12,1,No,No,Normal
EMP059,Edge,Desktop,Windows,Chennai,11,1,Yes,No,Normal
EMP089,Edge,Mobile,Android,Hyderabad,14,0,No,Yes,Normal
EMP007,Firefox,Laptop,Linux,China,23,6,Yes,Yes,Suspicious
EMP093,Chrome,Laptop,Linux,Hyderabad,18,1,No,Yes,Normal
EMP097,Safari,Mobile,Android,Bengaluru,19,1,No,No,Normal
EMP037,Firefox,Mobile,Android,Bengaluru,12,1,No,Yes,Normal
EMP089,Firefox,Laptop,iOS,Chennai,10,0,No,No,Normal
EMP054,Firefox,Unknown,Windows,London,2,6,Yes,Yes,Suspicious
EMP046,Chrome,Laptop,Linux,London,3,3,Yes,Yes,Suspicious
EMP035,Safari,Laptop,iOS,Delhi,17,0,No,No,Normal
EMP080,Chrome,Laptop,macOS,Hyderabad,19,0,No,No,Normal
EMP024,Safari,Mobile,iOS,Chennai,9,1,No,No,Normal
EMP098,Chrome,Laptop,Linux,London,2,5,Yes,Yes,Suspicious
EMP007,Firefox,Laptop,macOS,Chennai,15,0,Yes,Yes,Normal
EMP080,Firefox,Desktop,Windows,Chennai,8,0,No,No,Normal
EMP099,Firefox,Laptop,Linux,China,3,5,Yes,Yes,Suspicious
EMP087,Chrome,Desktop,macOS,Chennai,17,0,No,Yes,Normal
EMP099,Safari,Laptop,Linux,Chennai,17,0,No,Yes,Normal
EMP009,Chrome,Mobile,Windows,Mumbai,16,1,Yes,No,Normal
EMP059,Firefox,Desktop,Android,Hyderabad,9,1,No,Yes,Normal
EMP094,Safari,Desktop,iOS,Mumbai,17,1,No,No,Normal
EMP079,Firefox,Desktop,Windows,Mumbai,15,0,No,Yes,Normal
EMP034,Firefox,Desktop,Android,Mumbai,10,1,No,No,Normal
EMP053,Firefox,Mobile,Windows,Delhi,11,0,No,Yes,Normal
EMP029,Edge,Mobile,Android,Hyderabad,15,0,No,No,Normal
EMP071,Edge,Laptop,iOS,Mumbai,15,1,No,Yes,Normal
EMP041,Safari,Laptop,macOS,Mumbai,11,0,Yes,No,Normal
EMP036,Edge,Desktop,Linux,China,1,6,Yes,Yes,Suspicious
EMP002,Firefox,Desktop,Linux,Mumbai,11,1,No,No,Normal
EMP082,Edge,Laptop,Windows,Chennai,16,1,Yes,No,Normal
EMP044,Safari,Desktop,Windows,Delhi,12,1,No,No,Normal
EMP052,Firefox,Laptop,Windows,Russia,23,3,Yes,Yes,Suspicious
EMP072,Chrome,Desktop,Linux,Delhi,12,0,No,No,Normal
EMP040,Edge,Mobile,Android,Hyderabad,15,1,Yes,No,Normal
EMP011,Chrome,Mobile,Windows,Bengaluru,18,0,No,Yes,Normal
EMP058,Firefox,Desktop,Linux,China,0,6,Yes,Yes,Suspicious
EMP010,Safari,Laptop,Windows,Bengaluru,12,1,Yes,No,Normal
EMP083,Firefox,Mobile,iOS,Bengaluru,14,0,Yes,No,Normal
EMP077,Chrome,Unknown,Linux,Russia,1,5,Yes,Yes,Suspicious
EMP035,Firefox,Laptop,Windows,Hyderabad,19,1,Yes,No,Normal
EMP078,Safari,Laptop,Windows,Delhi,8,1,Yes,No,Normal
EMP098,Chrome,Desktop,iOS,Delhi,8,1,Yes,No,Normal
EMP012,Safari,Mobile,Android,Mumbai,10,1,Yes,No,Normal
EMP064,Safari,Laptop,macOS,Chennai,10,1,No,Yes,Normal
EMP015,Safari,Mobile,Windows,Hyderabad,9,1,No,No,Normal
EMP067,Safari,Mobile,Windows,Delhi,15,1,No,No,Normal
EMP037,Safari,Mobile,Android,Chennai,11,1,Yes,No,Normal
EMP002,Safari,Desktop,Windows,Delhi,11,0,No,Yes,Normal
EMP038,Chrome,Desktop,Windows,Hyderabad,9,0,No,Yes,Normal
EMP050,Firefox,Laptop,Android,Hyderabad,11,1,Yes,No,Normal
EMP044,Edge,Desktop,Linux,Russia,2,6,Yes,Yes,Suspicious
EMP069,Firefox,Desktop,macOS,Mumbai,17,1,No,No,Normal
EMP031,Firefox,Mobile,iOS,Hyderabad,15,1,No,Yes,Normal
EMP050,Edge,Laptop,Windows,Mumbai,19,1,Yes,No,Normal
EMP013,Edge,Laptop,Windows,Bengaluru,16,1,No,No,Normal
EMP034,Safari,Desktop,Linux,Hyderabad,18,0,No,No,Normal
EMP092,Safari,Mobile,Windows,Mumbai,18,1,No,Yes,Normal
EMP037,Safari,Mobile,Windows,Delhi,9,0,Yes,Yes,Normal
EMP004,Chrome,Laptop,Windows,Chennai,15,0,Yes,No,Normal
EMP032,Firefox,Laptop,Windows,Unknown,3,4,Yes,Yes,Suspicious
EMP031,Edge,Desktop,Linux,Chennai,17,1,Yes,Yes,Normal
EMP060,Edge,Desktop,Android,Mumbai,15,1,Yes,No,Normal
EMP089,Edge,Desktop,Android,Mumbai,17,1,Yes,No,Normal
EMP046,Firefox,Desktop,Android,Hyderabad,9,0,No,Yes,Normal
EMP064,Firefox,Desktop,Android,Mumbai,8,0,Yes,Yes,Normal
EMP087,Firefox,Desktop,iOS,Mumbai,11,0,Yes,No,Normal
EMP047,Edge,Mobile,Windows,Chennai,12,1,No,Yes,Normal
EMP047,Chrome,Laptop,macOS,Hyderabad,10,0,No,Yes,Normal
EMP010,Firefox,Desktop,macOS,Hyderabad,12,1,No,No,Normal
EMP002,Firefox,Desktop,Windows,Unknown,0,6,Yes,Yes,Suspicious
EMP014,Chrome,Laptop,macOS,Mumbai,17,1,Yes,No,Normal
EMP082,Safari,Desktop,iOS,Delhi,13,0,Yes,No,Normal
EMP064,Firefox,Mobile,Android,Chennai,10,0,No,No,Normal
EMP086,Firefox,Desktop,Linux,London,3,5,Yes,Yes,Suspicious
EMP053,Safari,Mobile,Linux,Hyderabad,18,0,No,Yes,Normal
EMP013,Firefox,Desktop,macOS,Bengaluru,15,1,No,No,Normal
EMP059,Firefox,Mobile,macOS,Chennai,14,1,No,No,Normal
EMP032,Firefox,Desktop,Linux,Russia,23,5,Yes,Yes,Suspicious
EMP100,Edge,Desktop,iOS,Bengaluru,17,0,No,No,Normal
EMP023,Edge,Unknown,Windows,China,1,5,Yes,Yes,Suspicious
EMP076,Firefox,Unknown,Linux,Unknown,23,4,Yes,Yes,Suspicious
EMP096,Edge,Laptop,Windows,Bengaluru,19,1,Yes,No,Normal
EMP079,Chrome,Laptop,Linux,London,4,4,Yes,Yes,Suspicious
EMP008,Edge,Desktop,Windows,London,22,3,Yes,Yes,Suspicious
EMP042,Safari,Laptop,Windows,Hyderabad,19,1,No,No,Normal
EMP068,Chrome,Desktop,macOS,Delhi,18,1,No,Yes,Normal
EMP030,Safari,Desktop,Windows,Delhi,19,0,No,No,Normal
EMP033,Safari,Laptop,Android,Chennai,13,1,No,Yes,Normal
EMP013,Edge,Mobile,Android,Chennai,9,0,No,No,Normal
EMP053,Firefox,Desktop,iOS,Chennai,17,1,Yes,No,Normal
EMP074,Safari,Mobile,Windows,Mumbai,17,1,No,No,Normal
EMP015,Edge,Mobile,Android,Bengaluru,9,1,Yes,No,Normal
EMP089,Edge,Laptop,iOS,Delhi,17,0,Yes,Yes,Normal
EMP073,Edge,Laptop,macOS,Mumbai,13,0,No,No,Normal
EMP059,Chrome,Desktop,Windows,Chennai,19,0,No,No,Normal
EMP021,Firefox,Laptop,macOS,Delhi,17,0,No,No,Normal
EMP057,Chrome,Mobile,Windows,Mumbai,15,1,No,Yes,Normal
EMP087,Edge,Mobile,Windows,Mumbai,14,0,No,Yes,Normal
EMP039,Firefox,Desktop,Linux,Hyderabad,17,0,No,No,Normal
EMP056,Edge,Laptop,macOS,Mumbai,9,0,No,Yes,Normal
EMP095,Chrome,Desktop,Linux,Unknown,0,6,Yes,Yes,Suspicious
EMP074,Firefox,Laptop,Linux,Unknown,4,6,Yes,Yes,Suspicious
EMP059,Safari,Laptop,Windows,Hyderabad,8,1,No,Yes,Normal
EMP068,Firefox,Desktop,Android,Chennai,11,1,Yes,No,Normal
EMP010,Chrome,Desktop,Windows,China,2,4,Yes,Yes,Suspicious
EMP019,Chrome,Mobile,iOS,Bengaluru,13,1,Yes,Yes,Normal
EMP023,Edge,Laptop,Linux,Bengaluru,17,0,Yes,No,Normal
EMP020,Safari,Laptop,iOS,Delhi,15,1,Yes,No,Normal
EMP010,Safari,Laptop,macOS,Mumbai,17,0,No,Yes,Normal
EMP079,Safari,Desktop,Windows,Mumbai,12,0,Yes,No,Normal
EMP084,Safari,Laptop,iOS,Delhi,19,0,No,Yes,Normal
EMP044,Edge,Laptop,Linux,Russia,3,3,Yes,Yes,Suspicious
EMP067,Chrome,Mobile,Linux,Chennai,11,1,No,Yes,Normal
EMP007,Firefox,Laptop,macOS,Hyderabad,14,1,Yes,Yes,Normal
EMP093,Firefox,Desktop,macOS,Chennai,16,1,No,No,Normal
EMP084,Edge,Laptop,Windows,Delhi,18,0,No,No,Normal
EMP017,Safari,Desktop,iOS,Chennai,12,1,Yes,No,Normal
EMP024,Chrome,Mobile,Android,Delhi,13,0,No,No,Normal
EMP013,Firefox,Laptop,Linux,Bengaluru,10,0,No,No,Normal
EMP024,Chrome,Mobile,macOS,Delhi,10,1,No,No,Normal
EMP031,Edge,Mobile,Android,Chennai,14,1,Yes,Yes,Normal
EMP025,Firefox,Mobile,Android,Bengaluru,16,0,No,No,Normal
EMP078,Safari,Laptop,macOS,Hyderabad,16,1,No,No,Normal
EMP092,Chrome,Unknown,Windows,Unknown,4,3,Yes,Yes,Suspicious
EMP056,Chrome,Laptop,Windows,Bengaluru,12,1,Yes,No,Normal
EMP051,Firefox,Laptop,Windows,Russia,3,3,Yes,Yes,Suspicious
EMP092,Edge,Laptop,Windows,Mumbai,11,0,No,No,Normal
EMP058,Edge,Desktop,Windows,Mumbai,15,0,Yes,No,Normal
EMP031,Chrome,Desktop,macOS,Bengaluru,10,1,No,No,Normal
EMP077,Chrome,Desktop,Android,Delhi,15,0,No,No,Normal
EMP031,Edge,Mobile,Linux,Mumbai,14,0,Yes,No,Normal
EMP065,Edge,Mobile,Windows,Delhi,13,0,Yes,Yes,Normal
EMP096,Chrome,Laptop,Android,Chennai,18,1,No,No,Normal
EMP018,Firefox,Laptop,Linux,Russia,23,5,Yes,Yes,Suspicious
EMP081,Edge,Laptop,Linux,London,22,6,Yes,Yes,Suspicious
EMP006,Firefox,Unknown,Windows,Russia,2,4,Yes,Yes,Suspicious
EMP097,Chrome,Laptop,macOS,Delhi,14,1,No,No,Normal
EMP052,Firefox,Laptop,Windows,Mumbai,12,0,No,No,Normal
EMP035,Safari,Laptop,Linux,Hyderabad,19,1,No,Yes,Normal
EMP011,Safari,Desktop,Android,Delhi,10,1,No,No,Normal
EMP057,Firefox,Laptop,Android,Delhi,19,1,No,Yes,Normal
EMP010,Chrome,Mobile,macOS,Delhi,14,1,Yes,No,Normal
EMP057,Safari,Laptop,iOS,Bengaluru,8,0,Yes,Yes,Normal
EMP078,Firefox,Unknown,Windows,Unknown,3,3,Yes,Yes,Suspicious
EMP074,Chrome,Laptop,Windows,London,23,3,Yes,Yes,Suspicious
EMP004,Chrome,Laptop,Windows,Unknown,1,3,Yes,Yes,Suspicious
EMP058,Safari,Mobile,Android,Delhi,9,1,No,Yes,Normal
EMP023,Firefox,Mobile,Android,Bengaluru,9,0,No,No,Normal
EMP038,Safari,Desktop,macOS,Mumbai,19,0,Yes,Yes,Normal
EMP018,Edge,Mobile,Linux,Mumbai,16,0,No,No,Normal
EMP017,Safari,Desktop,macOS,Delhi,17,1,No,Yes,Normal
EMP099,Chrome,Desktop,macOS,Hyderabad,19,1,Yes,No,Normal
EMP045,Chrome,Desktop,macOS,Chennai,15,1,Yes,Yes,Normal
EMP016,Edge,Desktop,Linux,China,3,3,Yes,Yes,Suspicious
EMP037,Firefox,Desktop,Linux,Mumbai,19,0,No,Yes,Normal
EMP012,Firefox,Desktop,iOS,Mumbai,10,1,Yes,Yes,Normal
EMP004,Edge,Mobile,iOS,Bengaluru,10,1,Yes,No,Normal
EMP080,Edge,Desktop,Windows,China,23,6,Yes,Yes,Suspicious
EMP088,Safari,Mobile,iOS,Mumbai,18,1,No,No,Normal
EMP027,Safari,Desktop,Windows,Bengaluru,15,1,No,No,Normal
EMP072,Edge,Laptop,macOS,Mumbai,14,0,No,Yes,Normal
EMP019,Firefox,Laptop,Linux,Unknown,3,4,Yes,Yes,Suspicious
EMP042,Chrome,Laptop,Windows,China,23,4,Yes,Yes,Suspicious
EMP064,Firefox,Desktop,Linux,Hyderabad,16,1,No,No,Normal
EMP007,Chrome,Desktop,Windows,China,1,5,Yes,Yes,Suspicious
EMP014,Chrome,Desktop,Windows,Unknown,4,3,Yes,Yes,Suspicious
EMP073,Firefox,Mobile,macOS,Hyderabad,13,0,No,No,Normal
EMP080,Firefox,Mobile,macOS,Chennai,14,1,Yes,No,Normal
EMP097,Chrome,Desktop,Windows,Hyderabad,13,1,Yes,No,Normal
EMP018,Edge,Desktop,Windows,Russia,0,3,Yes,Yes,Suspicious
EMP041,Safari,Mobile,Android,Bengaluru,17,0,No,Yes,Normal
EMP091,Edge,Desktop,Windows,Unknown,4,6,Yes,Yes,Suspicious
EMP040,Safari,Desktop,macOS,Mumbai,18,0,No,Yes,Normal
EMP075,Chrome,Mobile,Android,Mumbai,18,0,Yes,No,Normal
EMP057,Safari,Desktop,Linux,Chennai,17,0,No,No,Normal
EMP008,Edge,Laptop,Linux,Hyderabad,16,1,Yes,Yes,Normal
EMP059,Edge,Mobile,macOS,Hyderabad,16,1,No,No,Normal
EMP036,Firefox,Mobile,macOS,Mumbai,17,1,No,No,Normal
EMP045,Edge,Laptop,macOS,Bengaluru,19,1,No,No,Normal
EMP099,Firefox,Laptop,Windows,Delhi,18,1,No,No,Normal
EMP096,Firefox,Desktop,macOS,Chennai,13,1,Yes,No,Normal
EMP079,Edge,Mobile,macOS,Delhi,19,1,No,No,Normal
EMP053,Edge,Desktop,Windows,Delhi,11,0,No,No,Normal
EMP061,Safari,Desktop,Linux,Chennai,16,0,No,Yes,Normal
EMP074,Edge,Laptop,macOS,Mumbai,18,0,No,Yes,Normal
EMP096,Chrome,Desktop,Android,Bengaluru,8,1,No,No,Normal
EMP059,Firefox,Desktop,Windows,Mumbai,17,0,No,No,Normal
EMP021,Safari,Desktop,iOS,Hyderabad,12,0,No,No,Normal
EMP087,Firefox,Mobile,Linux,Chennai,19,1,No,Yes,Normal
EMP086,Edge,Mobile,Android,Hyderabad,16,1,No,No,Normal
EMP050,Firefox,Laptop,Windows,China,0,5,Yes,Yes,Suspicious
EMP047,Firefox,Laptop,macOS,Delhi,19,0,No,Yes,Normal
EMP065,Chrome,Mobile,Windows,Hyderabad,12,0,No,Yes,Normal
EMP062,Firefox,Mobile,Windows,Mumbai,13,0,No,No,Normal
EMP097,Edge,Desktop,Windows,London,22,6,Yes,Yes,Suspicious
EMP047,Edge,Desktop,iOS,Chennai,16,1,Yes,Yes,Normal
EMP022,Edge,Unknown,Linux,China,4,4,Yes,Yes,Suspicious
EMP008,Safari,Desktop,Linux,Delhi,15,0,Yes,No,Normal
EMP093,Safari,Laptop,iOS,Chennai,16,1,Yes,No,Normal
EMP045,Chrome,Unknown,Linux,Russia,0,6,Yes,Yes,Suspicious
EMP099,Chrome,Desktop,Android,Chennai,12,1,No,No,Normal
EMP085,Safari,Laptop,Android,Hyderabad,14,1,No,Yes,Normal
EMP094,Edge,Mobile,macOS,Chennai,10,1,Yes,No,Normal
EMP030,Chrome,Desktop,macOS,Hyderabad,18,1,Yes,No,Normal
EMP054,Firefox,Desktop,macOS,Bengaluru,19,0,No,Yes,Normal
EMP087,Chrome,Desktop,Linux,Chennai,9,0,No,Yes,Normal
EMP097,Chrome,Desktop,Windows,Hyderabad,15,0,Yes,No,Normal
EMP099,Chrome,Desktop,iOS,Mumbai,11,1,Yes,Yes,Normal
EMP036,Firefox,Desktop,macOS,Bengaluru,18,0,No,No,Normal
EMP007,Edge,Desktop,Linux,London,4,6,Yes,Yes,Suspicious
EMP024,Safari,Mobile,macOS,Hyderabad,14,0,No,No,Normal
EMP072,Safari,Desktop,Linux,Mumbai,19,0,No,No,Normal
EMP043,Safari,Mobile,iOS,Bengaluru,14,0,No,No,Normal
EMP049,Safari,Laptop,Windows,Delhi,19,0,No,No,Normal
EMP043,Chrome,Desktop,Linux,Delhi,19,0,No,No,Normal
EMP078,Chrome,Desktop,Linux,Chennai,19,1,No,Yes,Normal
EMP084,Safari,Desktop,iOS,Mumbai,12,1,No,Yes,Normal
EMP098,Firefox,Laptop,iOS,Hyderabad,15,0,Yes,No,Normal
EMP003,Edge,Laptop,macOS,Hyderabad,8,0,Yes,No,Normal
EMP032,Safari,Laptop,Linux,Bengaluru,13,0,No,Yes,Normal
EMP022,Firefox,Laptop,Android,Hyderabad,15,0,Yes,No,Normal
EMP010,Edge,Laptop,Linux,Russia,4,3,Yes,Yes,Suspicious
EMP020,Chrome,Desktop,Android,Bengaluru,18,0,No,Yes,Normal
EMP085,Edge,Laptop,Windows,Russia,4,6,Yes,Yes,Suspicious
EMP036,Chrome,Mobile,iOS,Hyderabad,8,0,Yes,Yes,Normal
EMP020,Firefox,Desktop,iOS,Hyderabad,10,0,No,Yes,Normal
EMP073,Firefox,Laptop,macOS,Hyderabad,9,1,No,No,Normal
EMP071,Edge,Laptop,Windows,Chennai,9,1,No,No,Normal
EMP073,Chrome,Mobile,Linux,Chennai,15,1,Yes,No,Normal
EMP010,Chrome,Mobile,Windows,Bengaluru,11,1,No,No,Normal
EMP076,Firefox,Mobile,iOS,Chennai,10,1,No,No,Normal
EMP073,Edge,Laptop,Linux,Unknown,1,4,Yes,Yes,Suspicious
EMP011,Safari,Mobile,iOS,Mumbai,14,0,Yes,Yes,Normal
EMP099,Firefox,Desktop,Windows,Hyderabad,11,0,No,Yes,Normal
EMP071,Safari,Laptop,Windows,Mumbai,15,1,No,No,Normal
EMP010,Safari,Desktop,iOS,Hyderabad,9,1,No,Yes,Normal
EMP014,Firefox,Laptop,Linux,London,2,5,Yes,Yes,Suspicious
EMP012,Chrome,Laptop,Windows,Unknown,0,4,Yes,Yes,Suspicious
EMP046,Chrome,Desktop,Windows,Russia,0,3,Yes,Yes,Suspicious
EMP072,Firefox,Laptop,Windows,Mumbai,14,1,No,Yes,Normal
EMP035,Edge,Mobile,iOS,Bengaluru,18,1,No,No,Normal
EMP062,Safari,Desktop,Windows,Bengaluru,14,1,No,No,Normal
EMP018,Firefox,Laptop,Linux,Hyderabad,17,0,No,No,Normal
EMP084,Safari,Laptop,iOS,Hyderabad,13,1,No,No,Normal
EMP023,Edge,Laptop,macOS,Delhi,19,0,No,No,Normal
EMP051,Firefox,Laptop,Android,Delhi,11,1,No,No,Normal
EMP091,Edge,Mobile,iOS,Bengaluru,18,0,Yes,No,Normal
EMP039,Firefox,Mobile,Windows,Hyderabad,18,1,No,Yes,Normal
EMP075,Edge,Mobile,Android,Hyderabad,9,1,Yes,No,Normal
EMP085,Safari,Mobile,Windows,Mumbai,19,0,No,No,Normal
EMP014,Edge,Mobile,iOS,Chennai,17,1,No,No,Normal
EMP060,Chrome,Unknown,Linux,London,2,6,Yes,Yes,Suspicious
EMP015,Edge,Laptop,Windows,Hyderabad,9,1,No,No,Normal
EMP045,Edge,Laptop,macOS,Mumbai,15,0,Yes,No,Normal
EMP015,Safari,Mobile,Android,Mumbai,9,1,No,Yes,Normal
EMP067,Chrome,Desktop,Linux,China,22,4,Yes,Yes,Suspicious
EMP081,Firefox,Laptop,Windows,London,1,6,Yes,Yes,Suspicious
EMP058,Edge,Desktop,Windows,London,0,4,Yes,Yes,Suspicious
EMP069,Safari,Desktop,Linux,Bengaluru,12,0,Yes,No,Normal
EMP068,Chrome,Unknown,Windows,Russia,2,6,Yes,Yes,Suspicious
EMP059,Firefox,Mobile,Android,Delhi,14,0,No,No,Normal
EMP031,Firefox,Mobile,iOS,Chennai,18,0,No,No,Normal
EMP074,Edge,Laptop,Linux,Delhi,14,1,Yes,No,Normal
EMP018,Edge,Laptop,iOS,Bengaluru,16,0,No,No,Normal
EMP018,Chrome,Desktop,Linux,Unknown,0,6,Yes,Yes,Suspicious
EMP054,Chrome,Desktop,Windows,London,22,6,Yes,Yes,Suspicious
EMP005,Safari,Laptop,Linux,Chennai,17,0,No,No,Normal
EMP015,Firefox,Desktop,Android,Delhi,19,1,Yes,Yes,Normal
EMP055,Firefox,Mobile,macOS,Delhi,8,1,Yes,No,Normal
EMP045,Edge,Unknown,Windows,Russia,3,5,Yes,Yes,Suspicious
EMP081,Chrome,Laptop,Windows,Bengaluru,11,1,Yes,Yes,Normal
EMP077,Edge,Desktop,Linux,Chennai,17,1,Yes,No,Normal
EMP013,Firefox,Mobile,macOS,Mumbai,17,1,Yes,Yes,Normal
EMP032,Chrome,Unknown,Windows,China,22,4,Yes,Yes,Suspicious
EMP081,Chrome,Unknown,Windows,London,1,5,Yes,Yes,Suspicious
EMP059,Safari,Desktop,Windows,Hyderabad,16,1,Yes,No,Normal
EMP090,Firefox,Mobile,Windows,Chennai,19,1,Yes,Yes,Normal
EMP042,Chrome,Mobile,Android,Bengaluru,14,0,No,No,Normal
EMP098,Firefox,Mobile,iOS,Bengaluru,17,1,No,Yes,Normal
EMP057,Firefox,Desktop,Windows,Russia,0,4,Yes,Yes,Suspicious
EMP047,Safari,Desktop,Linux,Mumbai,10,1,No,Yes,Normal
EMP097,Firefox,Mobile,Linux,Chennai,14,1,Yes,Yes,Normal
EMP076,Chrome,Mobile,Windows,Chennai,11,1,No,No,Normal
EMP062,Safari,Desktop,Windows,Mumbai,9,1,Yes,No,Normal
EMP039,Chrome,Unknown,Linux,Russia,2,5,Yes,Yes,Suspicious
EMP079,Firefox,Desktop,Linux,Russia,4,3,Yes,Yes,Suspicious
EMP013,Safari,Laptop,Linux,Bengaluru,14,1,No,No,Normal
EMP018,Firefox,Desktop,Windows,Unknown,3,5,Yes,Yes,Suspicious
EMP085,Chrome,Desktop,iOS,Delhi,17,1,Yes,No,Normal
EMP007,Edge,Mobile,iOS,Delhi,11,1,No,Yes,Normal
EMP010,Edge,Laptop,Android,Chennai,11,1,Yes,Yes,Normal
EMP088,Chrome,Laptop,macOS,Bengaluru,14,1,No,Yes,Normal
EMP028,Chrome,Unknown,Linux,Russia,0,5,Yes,Yes,Suspicious
EMP011,Firefox,Laptop,Windows,London,3,6,Yes,Yes,Suspicious
EMP042,Edge,Laptop,Windows,Mumbai,9,0,No,Yes,Normal
EMP015,Chrome,Laptop,Android,Bengaluru,8,0,No,No,Normal
EMP021,Chrome,Laptop,Linux,Chennai,8,0,Yes,No,Normal
EMP100,Firefox,Mobile,iOS,Mumbai,10,1,No,Yes,Normal
EMP074,Chrome,Desktop,macOS,Hyderabad,12,0,No,Yes,Normal
EMP048,Safari,Laptop,iOS,Mumbai,8,1,Yes,No,Normal
EMP006,Firefox,Desktop,Linux,China,22,3,Yes,Yes,Suspicious
EMP005,Chrome,Desktop,Windows,Hyderabad,13,1,No,No,Normal
EMP074,Safari,Desktop,macOS,Bengaluru,14,1,No,No,Normal
EMP037,Chrome,Desktop,Linux,Delhi,8,1,No,No,Normal
EMP038,Firefox,Laptop,Windows,Delhi,15,0,No,No,Normal
EMP099,Firefox,Mobile,iOS,Bengaluru,15,1,Yes,No,Normal
EMP082,Edge,Desktop,Windows,Hyderabad,8,0,Yes,No,Normal
EMP068,Chrome,Laptop,Windows,Hyderabad,19,1,No,No,Normal
EMP030,Safari,Laptop,Windows,Bengaluru,19,1,No,No,Normal
EMP065,Safari,Mobile,macOS,Hyderabad,19,0,Yes,No,Normal
EMP031,Chrome,Unknown,Linux,London,22,4,Yes,Yes,Suspicious
EMP026,Firefox,Laptop,macOS,Mumbai,15,1,No,No,Normal
EMP060,Edge,Unknown,Linux,Russia,1,6,Yes,Yes,Suspicious
EMP016,Chrome,Mobile,macOS,Bengaluru,15,1,No,No,Normal
EMP019,Edge,Laptop,Linux,China,23,5,Yes,Yes,Suspicious
EMP034,Firefox,Laptop,Windows,Russia,22,5,Yes,Yes,Suspicious
EMP014,Edge,Desktop,Android,Hyderabad,16,0,No,No,Normal
EMP048,Edge,Desktop,Windows,Chennai,11,0,No,No,Normal
EMP083,Chrome,Mobile,iOS,Mumbai,9,0,No,No,Normal
EMP074,Edge,Desktop,macOS,Chennai,8,1,No,No,Normal
EMP028,Safari,Laptop,Windows,Hyderabad,18,1,No,No,Normal
EMP064,Firefox,Laptop,Android,Bengaluru,8,0,Yes,No,Normal
EMP083,Safari,Desktop,Windows,Mumbai,14,0,No,No,Normal
EMP063,Edge,Mobile,iOS,Chennai,14,1,No,Yes,Normal
EMP004,Firefox,Laptop,macOS,Bengaluru,8,1,Yes,No,Normal
EMP032,Firefox,Desktop,Android,Delhi,13,0,No,No,Normal
EMP023,Firefox,Mobile,Windows,Bengaluru,17,1,No,No,Normal
EMP019,Firefox,Mobile,macOS,Delhi,8,1,Yes,Yes,Normal
EMP008,Edge,Laptop,iOS,Mumbai,10,1,No,No,Normal
EMP017,Edge,Desktop,iOS,Hyderabad,8,1,Yes,No,Normal
EMP047,Edge,Laptop,Windows,Chennai,10,0,No,Yes,Normal
EMP018,Firefox,Mobile,Android,Delhi,9,1,No,No,Normal
EMP076,Safari,Mobile,Android,Mumbai,10,1,No,Yes,Normal
EMP051,Safari,Laptop,macOS,Bengaluru,10,0,Yes,Yes,Normal
EMP014,Chrome,Desktop,iOS,Mumbai,17,0,Yes,Yes,Normal
EMP012,Edge,Laptop,Windows,Bengaluru,13,1,No,Yes,Normal
EMP045,Firefox,Laptop,Windows,Mumbai,11,0,Yes,No,Normal
EMP022,Chrome,Mobile,Windows,Chennai,14,1,Yes,No,Normal
EMP084,Safari,Laptop,macOS,Delhi,14,0,No,Yes,Normal
EMP034,Edge,Desktop,Android,Chennai,8,1,No,No,Normal
EMP044,Chrome,Laptop,Linux,Hyderabad,10,0,Yes,No,Normal
EMP021,Safari,Mobile,Windows,Hyderabad,18,0,Yes,No,Normal
EMP085,Chrome,Unknown,Linux,London,22,5,Yes,Yes,Suspicious
EMP047,Edge,Desktop,Windows,Hyderabad,17,1,No,No,Normal
EMP027,Firefox,Laptop,Windows,China,0,3,Yes,Yes,Suspicious
EMP061,Chrome,Unknown,Windows,Russia,2,6,Yes,Yes,Suspicious
EMP024,Firefox,Desktop,iOS,Hyderabad,10,1,No,No,Normal
EMP020,Firefox,Laptop,Android,Mumbai,11,1,Yes,No,Normal
EMP050,Chrome,Desktop,macOS,Delhi,14,0,Yes,No,Normal
EMP051,Safari,Mobile,Android,Delhi,11,1,No,No,Normal
EMP023,Chrome,Mobile,iOS,Delhi,17,0,No,No,Normal
EMP056,Edge,Desktop,Linux,Bengaluru,8,1,No,Yes,Normal
EMP072,Edge,Mobile,macOS,Mumbai,19,0,No,No,Normal
EMP020,Firefox,Laptop,iOS,Hyderabad,8,1,No,No,Normal
EMP037,Edge,Desktop,Linux,Russia,4,3,Yes,Yes,Suspicious
EMP061,Firefox,Laptop,macOS,Hyderabad,18,1,Yes,Yes,Normal
EMP043,Chrome,Laptop,Linux,London,0,6,Yes,Yes,Suspicious
EMP040,Chrome,Mobile,Android,Mumbai,13,0,No,No,Normal
EMP100,Safari,Mobile,Windows,Bengaluru,10,1,Yes,No,Normal
EMP028,Firefox,Mobile,Android,Delhi,18,0,No,No,Normal
EMP009,Safari,Mobile,Android,Delhi,13,0,Yes,No,Normal
EMP008,Safari,Desktop,iOS,Delhi,8,0,No,No,Normal
EMP051,Safari,Desktop,macOS,Bengaluru,12,1,No,Yes,Normal
EMP023,Chrome,Mobile,Windows,Bengaluru,13,1,Yes,No,Normal
EMP089,Safari,Mobile,iOS,Mumbai,13,0,No,Yes,Normal
EMP029,Firefox,Laptop,Linux,China,23,4,Yes,Yes,Suspicious
EMP083,Edge,Laptop,Android,Delhi,8,0,No,No,Normal
EMP055,Firefox,Unknown,Windows,Unknown,22,5,Yes,Yes,Suspicious
EMP080,Firefox,Laptop,macOS,Bengaluru,15,1,Yes,Yes,Normal
EMP014,Chrome,Desktop,iOS,Mumbai,16,1,No,Yes,Normal
EMP067,Firefox,Laptop,macOS,Mumbai,12,1,No,No,Normal
EMP084,Chrome,Mobile,Android,Mumbai,18,0,Yes,No,Normal
EMP074,Firefox,Laptop,Android,Hyderabad,14,0,Yes,Yes,Normal
EMP065,Firefox,Mobile,Linux,Delhi,18,1,Yes,No,Normal
EMP095,Edge,Mobile,iOS,Bengaluru,12,0,No,No,Normal
EMP040,Edge,Mobile,macOS,Chennai,11,1,No,Yes,Normal
EMP007,Firefox,Laptop,macOS,Delhi,12,1,No,No,Normal
EMP053,Chrome,Laptop,Linux,Delhi,9,1,Yes,No,Normal
EMP019,Firefox,Unknown,Linux,Unknown,3,6,Yes,Yes,Suspicious
EMP008,Edge,Desktop,Android,Mumbai,18,0,No,Yes,Normal
EMP017,Chrome,Unknown,Linux,China,3,3,Yes,Yes,Suspicious
EMP026,Safari,Laptop,Android,Hyderabad,14,0,No,Yes,Normal
EMP032,Chrome,Laptop,iOS,Bengaluru,8,0,Yes,Yes,Normal
EMP006,Firefox,Laptop,Linux,Chennai,14,1,No,No,Normal
EMP018,Firefox,Laptop,iOS,Delhi,16,1,No,Yes,Normal
EMP094,Safari,Laptop,Linux,Bengaluru,14,0,No,No,Normal
EMP092,Edge,Mobile,Windows,Delhi,16,0,No,No,Normal
EMP085,Chrome,Laptop,macOS,Delhi,17,0,Yes,No,Normal
EMP016,Firefox,Unknown,Linux,London,3,6,Yes,Yes,Suspicious
EMP085,Safari,Mobile,Linux,Bengaluru,19,0,No,No,Normal
EMP066,Edge,Laptop,Linux,London,23,3,Yes,Yes,Suspicious
EMP100,Chrome,Laptop,Windows,Chennai,15,0,Yes,No,Normal
EMP027,Edge,Laptop,Android,Mumbai,10,0,Yes,No,Normal
EMP086,Safari,Laptop,Linux,Chennai,8,0,No,Yes,Normal
EMP034,Chrome,Mobile,Windows,Chennai,12,0,No,No,Normal
EMP015,Chrome,Desktop,Windows,Mumbai,13,1,No,Yes,Normal
EMP057,Firefox,Unknown,Linux,China,2,5,Yes,Yes,Suspicious
EMP052,Firefox,Mobile,Windows,Mumbai,13,0,No,No,Normal
EMP090,Firefox,Laptop,Android,Hyderabad,18,0,No,No,Normal
EMP049,Edge,Desktop,Android,Delhi,15,1,No,Yes,Normal
EMP006,Chrome,Mobile,Linux,Hyderabad,15,0,No,No,Normal
EMP067,Edge,Laptop,Linux,China,22,5,Yes,Yes,Suspicious
EMP079,Chrome,Laptop,Linux,Hyderabad,13,1,No,Yes,Normal
EMP010,Edge,Unknown,Windows,London,23,4,Yes,Yes,Suspicious
EMP049,Firefox,Desktop,macOS,Mumbai,8,0,Yes,Yes,Normal
EMP058,Edge,Desktop,Android,Hyderabad,17,1,No,No,Normal
EMP071,Safari,Mobile,Windows,Chennai,14,1,No,Yes,Normal
EMP044,Firefox,Desktop,Windows,China,22,6,Yes,Yes,Suspicious
EMP047,Chrome,Desktop,Android,Mumbai,16,1,Yes,Yes,Normal
EMP071,Chrome,Desktop,Linux,Chennai,13,1,Yes,No,Normal
EMP079,Chrome,Desktop,Linux,Hyderabad,10,1,No,No,Normal
EMP092,Firefox,Laptop,Linux,London,23,4,Yes,Yes,Suspicious
EMP065,Safari,Desktop,iOS,Chennai,15,1,Yes,Yes,Normal
EMP066,Chrome,Unknown,Linux,London,23,6,Yes,Yes,Suspicious
EMP085,Edge,Mobile,iOS,Bengaluru,19,0,No,No,Normal
EMP044,Firefox,Mobile,Android,Hyderabad,17,0,No,No,Normal
EMP041,Safari,Desktop,Linux,Hyderabad,17,1,Yes,Yes,Normal
EMP087,Edge,Desktop,Linux,Delhi,19,1,Yes,No,Normal
EMP098,Edge,Desktop,Linux,Unknown,22,3,Yes,Yes,Suspicious
EMP067,Safari,Mobile,iOS,Hyderabad,18,1,No,No,Normal
EMP097,Chrome,Unknown,Linux,Russia,1,5,Yes,Yes,Suspicious
EMP005,Firefox,Mobile,macOS,Bengaluru,8,1,No,Yes,Normal
EMP090,Safari,Desktop,iOS,Delhi,11,1,No,Yes,Normal
EMP002,Chrome,Laptop,Android,Hyderabad,18,1,Yes,No,Normal
EMP095,Edge,Mobile,Android,Bengaluru,18,1,Yes,Yes,Normal
EMP095,Edge,Laptop,Android,Bengaluru,18,0,No,No,Normal
EMP075,Safari,Desktop,Android,Mumbai,16,1,No,No,Normal
EMP007,Chrome,Laptop,Android,Bengaluru,8,0,No,Yes,Normal
EMP068,Firefox,Laptop,iOS,Delhi,13,0,Yes,No,Normal
EMP052,Edge,Mobile,Windows,Delhi,10,1,Yes,Yes,Normal
EMP028,Firefox,Unknown,Windows,Unknown,2,5,Yes,Yes,Suspicious
EMP083,Safari,Mobile,Windows,Chennai,18,1,No,No,Normal
EMP093,Edge,Desktop,macOS,Hyderabad,9,1,No,Yes,Normal
EMP025,Firefox,Mobile,iOS,Hyderabad,15,0,No,Yes,Normal
EMP027,Chrome,Desktop,Linux,Delhi,16,0,Yes,No,Normal
EMP096,Edge,Mobile,Android,Chennai,11,1,Yes,No,Normal
EMP033,Chrome,Laptop,macOS,Chennai,9,0,No,No,Normal
EMP003,Edge,Laptop,Android,Hyderabad,15,1,No,No,Normal
EMP046,Chrome,Mobile,Windows,Delhi,9,0,Yes,No,Normal
EMP051,Chrome,Laptop,macOS,Delhi,9,1,No,No,Normal
EMP070,Chrome,Laptop,Linux,Delhi,11,0,Yes,No,Normal
EMP001,Edge,Laptop,macOS,Chennai,16,0,No,No,Normal
EMP093,Safari,Mobile,iOS,Chennai,12,0,Yes,Yes,Normal
EMP033,Safari,Mobile,iOS,Bengaluru,10,0,No,Yes,Normal
EMP038,Firefox,Desktop,Linux,London,22,3,Yes,Yes,Suspicious
EMP086,Firefox,Desktop,Linux,Delhi,15,1,No,No,Normal
EMP043,Chrome,Laptop,iOS,Chennai,11,1,No,No,Normal
